method,role,representation,input_prior,fiber_structure,evidence_level,current_status,primary_local_result
Residual-only skinned 3DGS,mandatory baseline,surface-bound anisotropic Gaussians,Cat video plus fixed Stage-1 mesh skeleton camera and motion,none explicit,direct,complete,"Observed40 PSNR 20.6912 IoU 0.7289; heldout PSNR 16.1903 IoU 0.5701"
Unified shell-strand-residual v2,proposed prototype,"2 shell + 5 strand + 1 residual Gaussian per source",same Cat Stage-1 prior,"short shell chains and independent short strand curves",direct,complete,"Observed soft PSNR 19.2255 IoU 0.6751; heldout soft PSNR 16.3983 IoU 0.5796"
Vidu4D,template-free dynamic baseline,neural SDF then dynamic 2D Gaussian surfels,"single video masks flow depth DINO and cameras",none explicit,readiness and running evidence,"formal Stage-2 running; Stage-3 pending quality gate","three-round smoke mask-grid IoU 0.691 before round 2; no comparable final Cat metric"
GART,template-conditioned animal Gaussian baseline,articulated canonical Gaussians,dog video plus licensed D-SMAL/BITE template,none explicit,readiness,environment and official data verified; fit blocked by licensed assets,no valid local final metric
HairGS,explicit-hair anchor,Gaussian initialization plus explicit connected strands,calibrated multiview hair and strand GT,explicit connected hair strands,anchor,complete,"wCurly fitted PSNR 30.4869 IoU 0.9112; geometry F1 0.5035 at 4mm/40deg"
GaussianHaircut,secondary explicit-hair reference,Gaussian-assisted explicit hair,calibrated multiview head capture,explicit strands,readiness,code pulled; no aligned local run,no local metric
BANMo,historical articulated implicit baseline,canonical neural implicit articulation,monocular videos and category priors,none explicit,readiness,code pulled only,no local metric
BITE,auxiliary dog body/pose prior,D-SMAL/BARC body and pose estimation,dog images/keypoints and licensed body assets,none,readiness,code pulled; not an appearance renderer,no rendering metric
NeuralFur official Panda,clean fur benchmark target,fur-specialized reconstruction,36 calibrated views plus masks orientations mesh SDF and reference strands,fur-specific supervision,dataset readiness,dataset aligned; method environment/run pending,no local method metric
